{"cameraMode":{"drawMode":0,"name":"Shaded","section":"Shading Mode"},"sceneLighting":false,"audioPlay":false,"sceneViewState":{"m_AlwaysRefresh":false,"showFog":true,"showSkybox":false,"showFlares":true,"showImageEffects":true,"showParticleSystems":true,"showVisualEffectGraphs":true,"m_FxEnabled":true},"in2DMode":false,"pivot":{"x":-5.447539329528809,"y":-1.0020750761032105,"z":6.879334449768066},"rotation":{"x":0.06283782422542572,"y":-0.31423458456993105,"z":0.020975790917873384,"w":0.9471114873886108},"size":4.340038299560547,"orthographic":false}