{"cameraMode":{"drawMode":0,"name":"Shaded","section":"Shading Mode"},"sceneLighting":false,"audioPlay":false,"sceneViewState":{"m_AlwaysRefresh":false,"showFog":true,"showSkybox":false,"showFlares":true,"showImageEffects":true,"showParticleSystems":true,"showVisualEffectGraphs":true,"m_FxEnabled":true},"in2DMode":false,"pivot":{"x":-8.437043190002442,"y":-1.1900819540023804,"z":0.42113205790519717},"rotation":{"x":0.057453952729701999,"y":-0.6899212002754211,"z":0.05525340512394905,"w":0.7195895314216614},"size":4.340038299560547,"orthographic":false}