{"cameraMode":{"drawMode":0,"name":"Shaded","section":"Shading Mode"},"sceneLighting":false,"audioPlay":false,"sceneViewState":{"m_AlwaysRefresh":false,"showFog":true,"showSkybox":false,"showFlares":true,"showImageEffects":true,"showParticleSystems":true,"showVisualEffectGraphs":true,"m_FxEnabled":true},"in2DMode":false,"pivot":{"x":0.4283609688282013,"y":-0.6929755806922913,"z":0.14312614500522614},"rotation":{"x":-0.34218811988830569,"y":-0.5874532461166382,"z":0.30046185851097109,"w":-0.6689941883087158},"size":1.0488113164901734,"orthographic":false}