{"cameraMode":{"drawMode":0,"name":"Shaded","section":"Shading Mode"},"sceneLighting":false,"audioPlay":false,"sceneViewState":{"m_AlwaysRefresh":false,"showFog":true,"showSkybox":false,"showFlares":true,"showImageEffects":true,"showParticleSystems":true,"showVisualEffectGraphs":true,"m_FxEnabled":true},"in2DMode":false,"pivot":{"x":1.2840096950531006,"y":-0.16994601488113404,"z":-0.36722636222839358},"rotation":{"x":0.09890498965978623,"y":0.78447425365448,"z":-0.12964247167110444,"w":0.5983641147613525},"size":1.0488113164901734,"orthographic":false}