{"cameraMode":{"drawMode":0,"name":"Shaded","section":"Shading Mode"},"sceneLighting":false,"audioPlay":false,"sceneViewState":{"m_AlwaysRefresh":false,"showFog":true,"showSkybox":false,"showFlares":true,"showImageEffects":true,"showParticleSystems":true,"showVisualEffectGraphs":true,"m_FxEnabled":true},"in2DMode":false,"pivot":{"x":-2.1598024368286135,"y":-0.28194013237953188,"z":-0.6180160045623779},"rotation":{"x":0.025166375562548639,"y":-0.8295794129371643,"z":0.03763487935066223,"w":0.5566173195838928},"size":1.3957791328430176,"orthographic":false}