{"cameraMode":{"drawMode":0,"name":"Shaded","section":"Shading Mode"},"sceneLighting":true,"audioPlay":false,"sceneViewState":{"m_AlwaysRefresh":false,"showFog":true,"showSkybox":true,"showFlares":true,"showImageEffects":true,"showParticleSystems":true,"showVisualEffectGraphs":true,"m_FxEnabled":true},"in2DMode":false,"pivot":{"x":2.770059585571289,"y":6.515920639038086,"z":-1.9789237976074219},"rotation":{"x":-0.4134553372859955,"y":0.014441289007663727,"z":-0.0065119462087750439,"w":-0.910426139831543},"size":13.843794822692871,"orthographic":false}