{"cameraMode":{"drawMode":0,"name":"Shaded","section":"Shading Mode"},"sceneLighting":true,"audioPlay":false,"sceneViewState":{"m_AlwaysRefresh":false,"showFog":true,"showSkybox":true,"showFlares":true,"showImageEffects":true,"showParticleSystems":true,"showVisualEffectGraphs":true,"m_FxEnabled":true},"in2DMode":false,"pivot":{"x":13.334002494812012,"y":-26.105918884277345,"z":44.336483001708987},"rotation":{"x":0.3140508234500885,"y":0.10192642360925675,"z":-0.03343290835618973,"w":0.9434360265731812},"size":41.92110061645508,"orthographic":false}