{"cameraMode":{"drawMode":0,"name":"Shaded","section":"Shading Mode"},"sceneLighting":true,"audioPlay":false,"sceneViewState":{"m_AlwaysRefresh":false,"showFog":true,"showSkybox":true,"showFlares":true,"showImageEffects":true,"showParticleSystems":true,"showVisualEffectGraphs":true,"m_FxEnabled":true},"in2DMode":false,"pivot":{"x":-2.4073894023895265,"y":12.433963775634766,"z":33.93892288208008},"rotation":{"x":-0.12750017642974854,"y":0.03363650292158127,"z":-0.001642719260416925,"w":-0.9915460348129273},"size":17.9271183013916,"orthographic":false}