{"cameraMode":{"drawMode":0,"name":"Shaded","section":"Shading Mode"},"sceneLighting":true,"audioPlay":false,"sceneViewState":{"m_AlwaysRefresh":false,"showFog":true,"showSkybox":true,"showFlares":true,"showImageEffects":true,"showParticleSystems":true,"showVisualEffectGraphs":true,"m_FxEnabled":true},"in2DMode":false,"pivot":{"x":0.5657140016555786,"y":-93.59669494628906,"z":-41.2718505859375},"rotation":{"x":-0.000029139529942767695,"y":-0.8227006196975708,"z":0.5686399936676025,"w":-0.000025167923013214022},"size":62.8651237487793,"orthographic":false}