{"cameraMode":{"drawMode":0,"name":"Shaded","section":"Shading Mode"},"sceneLighting":true,"audioPlay":false,"sceneViewState":{"m_AlwaysRefresh":false,"showFog":true,"showSkybox":true,"showFlares":true,"showImageEffects":true,"showParticleSystems":true,"showVisualEffectGraphs":true,"m_FxEnabled":true},"in2DMode":false,"pivot":{"x":-30.423904418945314,"y":-14.705402374267579,"z":52.44598388671875},"rotation":{"x":-0.12395109981298447,"y":0.2540297508239746,"z":-0.02993171103298664,"w":-0.9590505957603455},"size":31.770370483398439,"orthographic":false}