{"cameraMode":{"drawMode":0,"name":"Shaded","section":"Shading Mode"},"sceneLighting":false,"audioPlay":false,"sceneViewState":{"m_AlwaysRefresh":false,"showFog":true,"showSkybox":false,"showFlares":true,"showImageEffects":true,"showParticleSystems":true,"showVisualEffectGraphs":true,"m_FxEnabled":true},"in2DMode":false,"pivot":{"x":-0.00036495758104138076,"y":0.045432183891534808,"z":-0.02575787715613842},"rotation":{"x":-0.21750298142433167,"y":-0.6634852290153503,"z":0.2108866274356842,"w":-0.6841156482696533},"size":0.19577910006046296,"orthographic":false}