{"cameraMode":{"drawMode":0,"name":"Shaded","section":"Shading Mode"},"sceneLighting":false,"audioPlay":false,"sceneViewState":{"m_AlwaysRefresh":false,"showFog":true,"showSkybox":false,"showFlares":true,"showImageEffects":true,"showParticleSystems":true,"showVisualEffectGraphs":true,"m_FxEnabled":true},"in2DMode":false,"pivot":{"x":-0.03680131584405899,"y":1.1094506978988648,"z":-0.002766713034361601},"rotation":{"x":-0.03211403265595436,"y":-0.8936185836791992,"z":0.06469450891017914,"w":-0.4429824650287628},"size":0.19577910006046296,"orthographic":false}