{"cameraMode":{"drawMode":0,"name":"Shaded","section":"Shading Mode"},"sceneLighting":false,"audioPlay":false,"sceneViewState":{"m_AlwaysRefresh":false,"showFog":true,"showSkybox":false,"showFlares":true,"showImageEffects":true,"showParticleSystems":true,"showVisualEffectGraphs":true,"m_FxEnabled":true},"in2DMode":false,"pivot":{"x":0.35284900665283205,"y":1.0109364986419678,"z":0.7692012786865234},"rotation":{"x":-0.21280546486377717,"y":-0.7422666549682617,"z":0.2757855951786041,"w":-0.5725274085998535},"size":1.0606601238250733,"orthographic":false}