{"cameraMode":{"drawMode":0,"name":"Shaded","section":"Shading Mode"},"sceneLighting":false,"audioPlay":false,"sceneViewState":{"m_AlwaysRefresh":false,"showFog":true,"showSkybox":false,"showFlares":true,"showImageEffects":true,"showParticleSystems":true,"showVisualEffectGraphs":true,"m_FxEnabled":true},"in2DMode":false,"pivot":{"x":0.34549570083618166,"y":-0.01611950993537903,"z":-0.06519778072834015},"rotation":{"x":-0.046140220016241077,"y":0.693046510219574,"z":0.04458961635828018,"w":0.7180597186088562},"size":0.544426679611206,"orthographic":false}